title,price
"Apple Watch SE (2nd Gen) (GPS, 44mm) - Midnight Aluminum Case with Midnight Sport Band, M/L (Renewed)",264.99
"Apple Watch SE (2nd Gen) [GPS 40mm] Smartwatch with Starlight Aluminium Case with Starlight Sport Band. Fitness and Sleep Trackers, Crash Detection, Heart Rate Monitor, Water-Resistant",329.99
"Apple Watch Series 8 [GPS + Cellular, 45mm] - Midnight Aluminum Case with Midnight Sport Band, M/L (Renewed)",329.12
"Apple Watch Series 7 GPS + Cellular, 45mm Midnight Aluminum Case with Midnight Sport Band - Regular (Renewed)",224.44
"Apple Watch SE (2nd Gen) [GPS + Cellular, 40mm] - Starlight Aluminum Case with Starlight Sport Loop, One Size (Renewed)",262.99
"Apple Watch Series 6 (GPS, 40mm) Gold Case + Pink Sand Sport Band - Renewed",189.99
"AppleÂ Watch Series 6 (GPS + Cellular, 40mm) - Space Gray Aluminum Case with Black Sport Band (Renewed)",242.99
"Apple Watch Ultra [GPS + Cellular 49mm] Titanium Case with Midnight Ocean Band, One Size (Renewed)",595.09
"Apple Watch Series 9 [GPS 45mm] Smartwatch with Pink Aluminium Case with Light Pink Sport Loop. Fitness Tracker, Blood Oxygen & ECG Apps, Water-Resistant - One Size",589.00
"Apple Watch Series 6 (GPS + Cellular, 40mm) - Silver Aluminum Case with White Sport Band (Renewed)",242.99
"Apple Watch Series 9 [GPS 41mm] Midnight Aluminum Case with Midnight Sport Band, M/L (Renewed)",383.85
"Apple Watch Ultra 2 [GPS + Cellular 49mm] Smartwatch, Sport Watch with Rugged Black Titanium Case with Black Ocean Band. Fitness Tracker, Precision GPS, Action Button, Extra-Long Battery Life","1,079.99"
"Apple Watch SE (2nd Gen) (GPS, 40mm) - Midnight Aluminum Case with Midnight Sport Band, S/M (Renewed)",249.99
"Apple Watch SE (2nd Gen) [GPS + Cellular, 44mm] - Silver Aluminum Case with Storm Blue Sport Band, M/L (Renewed)",267.99
"Apple Watch Series 6 (GPS, 40mm) - Silver Aluminum Case with White Sport Band (Renewed)",244.21
"Apple Watch Series 6 (GPS, 44mm) Blue Case + Navy Sport Band - Renewed",212.59
"Apple Watch Series 6 (GPS, 44mm) - Space Gray Aluminum Case with Black Sport Band (Renewed)",239.07
"Apple Watch SE (2nd Gen) [GPS + Cellular 40mm] Smartwatch with Silver Aluminium Case with Storm Blue Sport Band. Fitness & Sleep Tracker, Crash Detection, Heart Rate Monitor, Water-Resistant - S/M",314.25
"Apple Watch Series 7 (GPS + Cellular, 45mm) Blue Aluminum Case with Abyss Blue Sport Band, Regular (Renewed)",228.88
"Apple Watch Series 10 [GPS, 42mm] - Rose Gold Aluminum Case with Light Blush Sport Band, S/M (Renewed)",469.99
"Apple Watch SE (GPS, 40mm) - Gold Aluminum Case with Pink Sand Sport Band (Renewed)",222.71
"Apple Watch Series 4 (GPS, 40mm) - Gold Aluminium Case with Pink Sand Sport Band (Renewed)",190.46
"Apple Watch SE (2nd Gen) [GPS + Cellular, 44mm] - Starlight Aluminum Case with Starlight Sport Loop, One Size (Renewed)",269.99
"Apple Watch Ultra [GPS + Cellular 49mm] Titanium Case with Midnight Ocean Band, One Size (Renewed Premium)",786.94
Apple Watch Series 9 [GPS 41mm] Smartwatch with Pink Aluminum Case with Pink Sport Band M/L.,383.14
"Apple Watch Series 6 (GPS, 40mm) - Blue Aluminum Case with Deep Navy Sport Band (Renewed)",241.99
"Apple Watch Series 5 [GPS + Cellular, 44mm] - Space Gray Aluminum Case with Black Sport Band (Renewed)",519.99
"Apple Watch SE (2nd Gen) (GPS, 40mm) - Midnight Aluminum Case with Midnight Sport Band, M/L (Renewed)",259.99
"Apple Watch Ultra 2 [GPS + Cellular, 49mm] - Rugged Titanium Case with Orange/Beige Trail Loop Band, M/L (Renewed)",730.31
"Apple Watch Series 9 [GPS, 41mm] (Product) Red Aluminum Case with (Product) Red Sport Band, M/L (Renewed)",357.89
"Apple Watch Series 6 (GPS + Cellular, 44mm) Space Gray Aluminum Case with Black Sport Band (Renewed)",329.12
"Apple Watch Series 9 [GPS + Cellular 41mm] with Midnight Aluminum Case with Midnight Sport Loop, M/L (Renewed)",397.99
"Apple Watch Series 9 [GPS, 41mm] Silver Aluminum Case with Storm Blue Sport Band, M/L (Renewed)",360.57
"Apple Watch Series 8 [GPS + Cellular 45mm] Smart Watch w/Silver Stainless Steel Case with White Sport Band. Fitness Tracker, Blood Oxygen & ECG Apps, Always-On Retina Display, Water-Resistant",494.82
"Apple Watch SE (1st Gen) [GPS + Cellular 44mm] Smart Watch w/Silver Aluminium Case with Abyss Blue/Moss Green Sport Loop. Fitness & Activity Tracker, Heart Rate Monitor, Water-Resistant",215.48
"Apple Watch Series 6 (GPS, 40mm) - (Product) RED Aluminum Case with RED? Sport Band (Renewed)",242.99
"Apple Watch Series 4 (GPS + Cellular, 44MM) - Space Gray Aluminum Case with Black Sport Band (Renewed)",437.85
Apple Watch Series 9 [GPS 41mm] Smartwatch with Starlight Aluminum Case with Starlight Sport Band S/M.,404.14
"Apple Watch Series 6 (GPS, 44mm) - Gold Aluminum Case with Pink Sand Sport Band (Renewed)",479.00
"Apple Watch Series 6 (GPS + Cellular, 44mm) - Graphite Stainless Steel Case with Black Sport Band (Renewed)",519.00
"Apple Watch Series 6 (GPS, 44mm) Silver Case + White Sport Band - Renewed",261.80
"Apple Watch Series 6 (GPS + Cellular, 40mm) - (Product) RED Aluminum Case with RED Sport Band (Renewed)",242.99
"Apple Watch Series 6 (GPS + Cellular, 44mm) - Silver Stainless Steel Case with White Sport Band (Renewed)",548.98
"Apple Watch Series 4 (GPS + Cellular, 44MM) - Stainless Steel Case with White Sport Band (Renewed)",229.99
Apple Watch Series 9 [GPS 41mm] Smartwatch with Midnight Aluminum Case with Midnight Sport Band S/M.,548.98
"Apple Watch Series 6 (GPS + Cellular, 40mm) - Graphite Stainless Steel Case with Black Sport Band (Renewed)",519.00
"Apple Watch Series 10 [GPS + Cellular, 42mm] - Rose Gold Aluminum Case with Gold Milanese Loop (Renewed)",657.99
"Apple Watch Series 4 (GPS + Cellular, 44MM) - Space Black Aluminum Case with Black Sport Band (Renewed)",419.97
